ID,X,Y,X2,Y2
1,1513,-1887,1457,-1513
2,1469,-1528,1310,-1530
3,1346,-1523,984,-1684
4,1379,-1746,1306,-1497
5,1257,-1772,1494,-1712
6,1271,-1779,1200,-1581
7,1174,-1684,1537,-1588
8,1223,-1898,1269,-1760
9,1032,-1976,946,-1386
10,1442,-2080,1515,-1838
11,1604,-1578,1307,-1644
12,1326,-1546,1165,-1225
13,1466,-1615,1461,-1400
14,1350,-1896,1372,-1692
15,1117,-1979,1120,-1594
16,1261,-1867,988,-1876
17,1353,-1804,1354,-2090
18,1717,-1989,1500,-1871
19,1232,-1856,1202,-2146
20,1359,-1850,1167,-1874
21,1482,-1515,1445,-1532
22,1377,-1702,1170,-1756
23,1385,-2205,1484,-1962
24,1218,-1613,988,-1715
25,1499,-1916,1346,-1923
26,1006,-2177,1027,-1900
27,1633,-1854,1491,-1796
28,1123,-1970,824,-1976
29,1129,-1627,1029,-1427
30,1440,-2054,1565,-1945
31,1653,-1666,1481,-1707
32,1535,-1985,1425,-1960
33,1271,-2058,1236,-1847
34,1150,-1977,988,-1966
35,1222,-2276,1201,-2089
36,1211,-2127,989,-2115
37,1507,-1800,1429,-1810
38,1409,-1681,1331,-1718
39,1419,-1737,1385,-1601
40,1263,-1797,1111,-1795
41,1595,-1637,1477,-1435
42,1199,-1753,973,-1752
43,1528,-2086,1442,-2042
44,1361,-2081,1176,-2127
45,1517,-1996,1722,-1726
46,1461,-2048,1402,-2047
47,1447,-1450,1302,-1515
48,1530,-1732,1486,-1732
49,1500,-1753,1428,-1764
50,1614,-1767,1559,-1564
51,1221,-1586,1140,-1441
52,1407,-2312,1385,-2142
53,1509,-1602,1497,-1435
54,1527,-1635,1473,-1648
55,1406,-2180,1201,-2194
56,823,-2320,1402,-2222
57,1367,-1670,1149,-1715
58,1274,-1562,1227,-1448
59,1061,-1722,1048,-1648
60,1344,-1600,1218,-1644
61,1279,-2046,1128,-1970
62,1411,-1856,1344,-1860
63,1363,-2142,1342,-2012
64,1062,-1692,1030,-1624
65,1583,-1937,1490,-1904
66,1261,-1401,1064,-1509
67,1569,-1428,1454,-1446
68,1461,-2079,1433,-2067
69,1167,-1611,1121,-1521
70,1033,-1905,935,-1918
71,1193,-1598,1149,-1528
72,1297,-1589,1283,-1542
73,1401,-2182,1353,-2107
74,1359,-2012,1254,-2044
75,1321,-1812,1287,-1759
76,1287,-1819,1300,-1755
77,1365,-1921,1296,-1949
78,1471,-1451,1313,-1319
79,1417,-1793,1396,-1729
80,1391,-1800,1406,-1727
81,841,-2343,831,-1956
82,1566,-1607,1857,-1852
83,978,-1425,871,-1431
84,1377,-1363,1257,-1419
85,1337,-1792,1329,-1748
86,1469,-1457,1430,-1452
87,1455,-1463,1541,-1182
88,1069,-1977,1065,-1818
89,1304,-1285,1118,-1427
90,1536,-1604,1528,-1576
91,1506,-1474,1431,-1478
92,1097,-1551,962,-1594
93,1482,-1609,1474,-1488
94,1018,-1834,856,-1868
95,1383,-2196,1499,-2014
96,1335,-1405,1161,-1487
97,1504,-1630,1496,-1594
98,1195,-1714,1184,-1671
99,1245,-1219,1155,-1291
100,1196,-1684,1155,-1670
101,1036,-1574,883,-1609
102,1265,-2082,1198,-2103
103,966,-1488,812,-1534
104,973,-1531,827,-1562
105,1000,-1697,907,-1714
106,1032,-2320,1004,-2144
107,1601,-1588,1590,-1553
108,1298,-1863,1319,-1801
109,1217,-1249,1067,-1338
110,1317,-1859,1283,-1804
111,1175,-1952,1103,-1935
112,1198,-1883,1190,-1824
113,1256,-1841,1205,-1835
114,1175,-1884,1171,-1860
115,1215,-2102,1137,-2084
116,1004,-1722,966,-1728
117,1015,-1800,975,-1808
118,1370,-2142,1409,-2041
119,1010,-1772,974,-1778
120,1413,-2058,1328,-2068
121,1195,-1801,1179,-1744
122,1227,-1988,1150,-1943
123,886,-2266,1021,-2081
124,1468,-1433,1393,-1333
125,1379,-2133,1178,-2167
126,1298,-2122,1252,-1978
127,1362,-2062,1277,-2089
128,1359,-2038,1273,-2067
129,1124,-1596,1030,-1637
130,1238,-1355,1178,-1400
131,1368,-1793,1344,-1782
132,1626,-2083,1716,-1980
133,1123,-1936,1060,-1941
134,1643,-1880,1623,-1846
135,1226,-2100,1273,-2033
136,1017,-2123,969,-2095
137,1577,-2024,1631,-1936
138,1604,-2045,1657,-1951
139,1693,-2025,1737,-1891
140,1151,-1887,1160,-1826
141,1384,-2221,2034,-2461
142,837,-1987,788,-1857
143,1360,-1941,1299,-1917
144,1162,-1776,1147,-1669
145,1440,-1489,1433,-1448
146,1292,-2249,1277,-2143
147,1694,-1982,1838,-1868
148,1650,-2069,1519,-1978
149,1124,-2285,1081,-2093
150,1325,-2183,1103,-2217
151,1406,-1928,1403,-1809
152,1415,-1998,1344,-2000
153,1125,-1299,966,-1429
154,1308,-1927,1304,-1818
155,1098,-2142,961,-2176
156,1607,-1939,1617,-1909
157,1499,-2020,1487,-2005
158,1530,-1923,1542,-1891
159,1669,-1765,1609,-1534
160,1315,-1949,1244,-1924
161,1385,-1928,1382,-1849
162,1609,-1851,1606,-1718
163,1276,-1877,1274,-1853
164,1091,-1755,1054,-1703
165,1026,-1755,1065,-1703
166,1586,-1974,1550,-1947
167,1577,-1989,1537,-1962
168,1400,-1402,684,-606
169,1508,-2154,1409,-2113
170,1136,-1983,1135,-1938
171,1366,-1354,1320,-1417
172,1653,-1754,1633,-1656
173,1592,-1619,1544,-1631
174,1145,-2060,1013,-2042
175,1553,-1830,1544,-1757
176,1486,-2200,1547,-2014
177,1229,-1762,1220,-1732
178,1489,-1487,1561,-1237
179,1630,-1825,1612,-1672
180,1066,-1485,967,-1361
181,1180,-2132,1184,-2089
182,1534,-1821,1523,-1728
183,1542,-1856,1556,-1817
184,1448,-2102,1421,-2087
185,1555,-1865,1566,-1821
186,1427,-1928,1424,-1889
187,1462,-1925,1460,-1883
188,1317,-1918,1245,-1939
189,1175,-1490,1057,-1343
190,987,-2297,951,-2095
191,890,-2343,891,-2155
192,950,-2313,928,-2197
193,951,-1981,928,-1845
194,898,-1980,877,-1857
195,1296,-2154,1290,-2093
196,1620,-1549,1526,-1581
197,1088,-2133,1087,-2041
198,1397,-2091,1350,-2093
199,1581,-1775,1555,-1674
200,1146,-1548,1094,-1574
201,939,-2066,930,-1967
202,1308,-2036,1306,-1937
203,1184,-1453,1030,-1250
204,1645,-1981,1563,-1927
205,989,-1846,969,-1695
206,1711,-1759,1656,-1722
207,1548,-1544,1500,-1563
208,1657,-1823,1605,-1816
209,1049,-2224,1019,-2110
210,1594,-2184,1642,-2054
211,1753,-1946,1541,-1850
212,1461,-1810,1454,-1752
213,1440,-1815,1432,-1756
214,1239,-2204,1230,-2151
215,1635,-1849,1644,-1787
216,1636,-1747,1524,-1787
217,1626,-1576,1551,-1425
218,1672,-1746,1601,-1755
219,1174,-1981,1163,-1882
220,1048,-1830,1032,-1731
221,1079,-1827,1080,-1726
222,1449,-2275,1515,-2125
223,1757,-1904,1609,-1867
224,1682,-1858,1635,-1828
225,1400,-1833,1418,-1785
226,1410,-1833,1388,-1789
227,970,-2158,829,-2163
228,1663,-1858,1628,-1840
229,1764,-1824,1666,-1790
230,917,-2260,833,-2263
231,1434,-2261,1510,-2093
232,1183,-1956,1126,-2061
233,1249,-1487,1180,-1521
234,1162,-2270,1146,-2203
235,1081,-2284,1065,-2210
236,1350,-1783,1330,-1789
237,1695,-1367,1520,-1444
238,1535,-1365,1481,-1349
239,896,-1865,878,-1840
240,1389,-1372,1344,-1417
241,1114,-2206,932,-2239
242,1085,-1822,1044,-1824
243,1548,-1474,1536,-1428
244,1119,-1531,1095,-1484
245,1141,-1516,1117,-1471
246,903,-1423,669,-1540
247,983,-2099,912,-2106
248,1743,-1878,1773,-1767
249,897,-2197,832,-2197
250,1349,-1456,1350,-1368
251,1535,-1226,1382,-1189
252,864,-2112,828,-2111
253,1634,-1241,1529,-1210
254,1231,-2098,1233,-2043
255,1616,-2134,1502,-2096
256,1609,-2179,1490,-2171
257,1629,-2159,1504,-2130
258,1283,-1308,1219,-1230
259,1188,-1400,1155,-1389
260,1265,-1322,1226,-1268
261,906,-1861,884,-1727
262,829,-1527,673,-1636
263,1641,-1796,1670,-1756
264,876,-1545,746,-1603
265,937,-1705,881,-1735
266,945,-1601,929,-1535
267,1541,-2051,1542,-1988
268,1402,-1352,1392,-1273
269,1197,-1829,1154,-1829
270,922,-2222,916,-2094
271,1737,-1957,1765,-1849
272,1580,-2128,1620,-2042
273,1553,-2119,1602,-2030
274,921,-2247,902,-2232
275,1580,-2248,1483,-2187
276,1670,-2039,1595,-1985
277,817,-1923,710,-1719
278,885,-1843,786,-1874
279,1560,-2291,1582,-2226
280,1170,-1890,1145,-1880
281,1539,-2000,1570,-1956
282,1084,-1368,1009,-1419
283,1410,-2238,1426,-2195
284,1647,-1917,1612,-1914
285,1354,-1262,1285,-1282
286,1351,-1200,1256,-1250
287,1572,-1992,1586,-1970
288,1588,-1362,1523,-1353
289,1591,-1287,1542,-1284
290,1597,-1259,1553,-1244
291,1234,-1757,1199,-1766
292,719,-1743,636,-1375
293,1747,-1872,1657,-1849
294,1466,-1892,1420,-1896
295,1115,-1406,1079,-1432
296,892,-1916,830,-1924
297,1640,-1921,1648,-1894
298,1660,-1858,1671,-1826
299,1715,-1844,1650,-1843
300,861,-2168,857,-2105
301,914,-2264,919,-2241
302,1623,-1406,1628,-1215
303,1744,-1855,1876,-1880
304,1436,-1191,1323,-1209
305,1582,-1368,1589,-1221
306,781,-1585,692,-1646
307,896,-1740,838,-1764
308,1402,-1283,1339,-1262
309,1487,-1201,1387,-1285
310,1399,-1227,1356,-1104
311,1532,-2225,1561,-2171
312,1558,-2241,1582,-2172
313,795,-1682,710,-1730
314,1480,-2231,1497,-2191
315,870,-1851,840,-1758
316,823,-1869,830,-1814
317,1573,-2266,1482,-2214
318,1107,-1463,1051,-1381
319,1322,-1276,1255,-1176
320,1557,-1364,1561,-1279
321,747,-1668,695,-1679
322,1401,-1220,1303,-1254
323,865,-1812,825,-1822
324,1165,-211,894,-503
325,1139,-861,893,-492
326,1001,-430,934,-501
327,1191,-284,1004,-445
328,1014,-441,990,-471
329,1018,-493,956,-542
330,1003,-590,968,-615
331,1074,-564,1006,-608
332,1011,-609,996,-589
333,979,-564,957,-535
334,981,-557,945,-584
335,1037,-523,989,-465
336,1105,-622,1057,-545
337,1132,-501,1044,-402
338,1173,-577,1095,-448
339,1131,-381,1045,-456
340,1017,-454,972,-408
341,1148,-412,1117,-371
342,1218,-418,1078,-273
343,1204,-356,1162,-302
344,1229,-330,1134,-234
345,1269,-404,1210,-333
346,1249,-305,1090,-459
347,1276,-520,1178,-364
348,1274,-389,1219,-439
349,1230,-441,1174,-481
350,1273,-446,1236,-471
351,1132,-494,1094,-520
352,1152,-526,1114,-552
353,1369,-438,1156,-213
354,1313,-482,1076,-632
355,1385,-422,1179,-573
356,1124,-729,1063,-632
357,1159,-687,1105,-711
358,1191,-655,1143,-682
359,1175,-724,1105,-605
360,1205,-694,1142,-583
361,1227,-646,1177,-561
362,1251,-598,1211,-538
363,1257,-584,1273,-498
364,1193,-706,1268,-551
365,1209,-682,1154,-729
366,1156,-795,1167,-699
367,915,-516,710,-653
368,835,-611,770,-654
369,792,-646,769,-606
370,833,-622,808,-581
371,984,-735,835,-560
372,1010,-711,865,-536
373,891,-617,724,-716
374,942,-626,792,-745
375,879,-714,818,-772
376,958,-761,878,-668
377,1016,-887,851,-690
378,1113,-604,839,-866
379,946,-846,902,-793
380,1046,-712,938,-800
381,1039,-779,1011,-731
382,1040,-769,936,-843
383,981,-832,924,-886
384,980,-880,948,-852
385,1095,-782,983,-852
386,1164,-780,889,-961
387,1144,-994,1014,-781
388,1080,-876,999,-918
389,1042,-947,1001,-909
390,1092,-894,999,-969
391,1138,-853,1073,-888
392,1150,-889,1089,-917
393,1124,-935,1042,-969
394,1172,-930,1090,-944
395,1123,-1024,1055,-957
396,1168,-923,1060,-1034
397,1266,-1197,1109,-806
398,1159,-1081,1245,-913
399,1174,-1057,1084,-1147
400,1296,-1054,1196,-1035
401,1331,-1049,1249,-1050
402,1322,-1072,1255,-1042
403,1321,-1075,1324,-1042
404,1269,-1082,1221,-1101
405,1379,-1115,1247,-1084
406,1378,-1107,1249,-1170
407,1386,-1164,1270,-1204
408,1226,-1219,1296,-1136
409,1393,-1060,1358,-1127
410,1425,-1065,1378,-1076
411,1426,-1135,1408,-1060
412,1428,-1125,1402,-1132
413,1505,-1099,1410,-1088
414,1426,-1207,1443,-1084
415,1441,-1211,1462,-1102
416,1503,-1114,1455,-1107
417,1474,-1222,1499,-1092
418,1594,-1081,1449,-1050
419,1465,-1059,1429,-1015
420,1444,-1027,1376,-1044
421,1354,-820,1324,-827
422,1396,-952,1345,-817
423,1405,-1054,1380,-898
424,1442,-918,1344,-775
425,1437,-1036,1435,-900
426,1407,-1135,1320,-785
427,1620,-911,1350,-941
428,1479,-1016,1486,-920
429,1511,-1044,1520,-916
430,1542,-1047,1550,-950
431,1623,-992,1540,-984
432,1643,-1054,1506,-1035
433,1522,-1236,1616,-1009
434,1631,-1277,1603,-1016
435,1604,-1067,1617,-828
436,1564,-928,1537,-868
437,1547,-872,1512,-885
438,1621,-886,1526,-873
439,1600,-624,1317,-798
440,1538,-929,1400,-627
441,1509,-766,1427,-597
442,1594,-738,1460,-772
443,1592,-693,1524,-715
444,1603,-775,1474,-806
445,1566,-826,1547,-780
446,1604,-801,1557,-821
447,1620,-856,1585,-773
448,1596,-814,1576,-611
449,1580,-613,1458,-675
450,1414,-747,1341,-550
451,1438,-607,1340,-557
452,1402,-642,1419,-539
453,1847,-426,1376,-690
454,1590,-637,1371,-420
455,1379,-502,1328,-458
456,1346,-576,1346,-464
457,1385,-586,1371,-486
458,1498,-629,1370,-511
459,1405,-598,1457,-491
460,1401,-440,1340,-493
461,1628,-624,1574,-570
462,1664,-615,1605,-555
463,1827,-633,1642,-518
464,1688,-606,1572,-634
465,1622,-760,1609,-619
466,1655,-717,1647,-609
467,1688,-686,1678,-595
468,1675,-617,1705,-555
469,1775,-651,1671,-603
470,1830,-659,1735,-638
471,1764,-640,1648,-699
472,1581,-786,1693,-667
473,1665,-775,1610,-749
474,1746,-753,1638,-771
475,1816,-763,1702,-756
476,1750,-693,1644,-775
477,1776,-669,1708,-693
478,1776,-698,1767,-658
479,1677,-725,1724,-685
480,1700,-738,1672,-710
481,1832,-668,1703,-719
482,1767,-827,1592,-811
483,1786,-863,1606,-847
484,1758,-865,1760,-818
485,1687,-920,1681,-848
486,1733,-912,1551,-914
487,1815,-831,1712,-918
488,1931,-755,1753,-875
489,1805,-975,1818,-530
490,1821,-549,1764,-402
491,1811,-930,1744,-932
492,1759,-1020,1754,-925
493,1821,-1012,1747,-1012
494,1814,-968,1752,-968
495,1883,-974,1805,-982
496,1724,-1084,1712,-708
497,1763,-955,1605,-963
498,1695,-1039,1588,-1062
499,1771,-1067,1696,-1080
500,1777,-1134,1612,-1151
501,1707,-1147,1701,-1074
502,1771,-1141,1765,-1064
503,1744,-1177,1618,-1191
504,1841,-1170,1798,-924
505,1803,-1207,1844,-1150
506,1732,-1245,1720,-1202
507,1831,-1180,1697,-1258
508,1880,-840,1809,-614
509,1860,-816,1804,-702
510,1883,-1183,1874,-784
511,1825,-1384,1892,-1079
512,1648,-1328,1736,-1228
513,1620,-1331,1830,-1254
514,2005,-1246,1811,-1259
515,2015,-1224,1804,-1191
516,2026,-1186,1866,-1169
517,1841,-1331,1801,-1325
518,1762,-1333,1716,-1349
519,1724,-1378,1720,-1343
520,1763,-1380,1755,-1330
521,1975,-1385,1680,-1370
522,2079,-1402,1755,-1369
523,1984,-1319,1908,-1320
524,1920,-1316,1730,-1432
525,1952,-1393,2069,-1050
526,2101,-1165,1875,-1127
527,2015,-1120,1875,-1097
528,1947,-1146,1947,-1072
529,2006,-1155,2006,-1111
530,1924,-1018,1866,-970
531,1949,-998,1910,-1016
532,1919,-1059,1916,-1003
533,1954,-1086,1914,-1049
534,1978,-1066,1870,-869
535,1902,-824,1889,-774
536,1905,-817,1869,-828
537,1969,-843,1899,-767
538,1952,-784,1910,-792
539,1921,-843,1913,-776
540,1871,-946,1922,-825
541,2050,-855,1952,-832
542,2104,-841,2013,-855
543,2005,-824,1937,-780
544,2111,-829,1971,-813
545,1952,-908,1990,-837
546,1900,-942,1966,-889
547,1984,-938,2036,-844
548,1997,-920,1921,-974
549,2005,-988,2005,-883
550,2011,-975,1944,-1019
551,2042,-1000,1969,-1063
552,2013,-1080,2044,-979
553,2094,-1103,1964,-1052
554,2033,-1035,2041,-888
555,2033,-921,2069,-842
556,2068,-913,2034,-911
557,2085,-972,2033,-966
558,2055,-1105,2100,-824
559,2153,-291,1722,-488
560,1895,-457,1802,-518
561,1970,-407,1893,-441
562,2030,-491,1942,-378
563,2099,-553,1955,-406
564,2087,-418,2000,-460
565,2108,-443,2064,-487
566,2168,-498,2069,-566
567,2087,-433,2020,-269
568,2204,-553,2070,-407
569,2143,-587,2118,-527
570,2160,-578,2048,-603
571,2220,-535,2120,-593
572,2060,-608,2077,-555
573,2071,-588,1902,-779
574,2094,-799,2020,-636
575,2151,-834,2081,-781
576,2127,-853,2119,-756
577,2117,-970,2127,-794
578,2089,-1045,2124,-938
579,2121,-957,2075,-954
580,2124,-1049,2145,-822
581,2203,-811,2138,-832
582,2160,-1053,2182,-812
583,2156,-768,2089,-849
584,2273,-785,2140,-775
585,2147,-736,2092,-587
586,2150,-785,2130,-667
587,2202,-607,2108,-643
588,2205,-655,2192,-604
589,2209,-648,2177,-667
590,2183,-668,2150,-569
591,2219,-627,2211,-533
592,2245,-570,2209,-573
593,2249,-619,2214,-623
594,2343,-527,2188,-544
595,2259,-791,2236,-529
596,2253,-669,2182,-681
597,2196,-785,2185,-674
598,2229,-787,2216,-667
599,2445,-536,2267,-528
600,2264,-654,2251,-530
601,2295,-644,2290,-564
602,2322,-636,2317,-517
603,2399,-578,2285,-570
604,2357,-562,2356,-525
605,2392,-677,2391,-562
606,2408,-603,2240,-653
607,2450,-609,2385,-605
608,2285,-762,2269,-640
609,2317,-725,2305,-629
610,2398,-635,2306,-679
611,2434,-656,2386,-657
612,2397,-669,2275,-741
613,2291,-749,2262,-772
614,2337,-733,2298,-765
615,2432,-734,2322,-739
616,2365,-851,2349,-711
617,2431,-779,2284,-809
618,2424,-844,2286,-841
619,2426,-882,2259,-871
620,2300,-880,2288,-802
621,2210,-890,2213,-774
622,2271,-856,2205,-853
623,2270,-892,2198,-882
624,2186,-920,2214,-867
625,2271,-927,2134,-907
626,2258,-1013,2267,-762
627,2212,-958,2131,-949
628,2193,-1059,2210,-911
629,2267,-979,2198,-968
630,2208,-1014,2159,-1004
631,2204,-1036,2157,-1030
632,2235,-1060,2062,-1034
633,2147,-1100,2147,-1040
634,2225,-1106,2246,-917
635,2185,-1091,2042,-1095
636,2273,-1109,2138,-1087
637,2423,-929,2258,-904
638,2422,-965,2257,-946
639,2422,-987,2252,-998
640,2275,-1033,2254,-992
641,2420,-1012,2264,-1027
642,2417,-1033,2267,-1050
643,2418,-1071,2262,-1091
644,2277,-1097,2270,-1012
645,2260,-1131,2279,-1061
646,2386,-1100,2247,-1124
647,2381,-1137,2376,-1093
648,2417,-1128,2364,-1129
649,2379,-1859,2433,-524
650,2074,-1177,2087,-1086
651,2301,-1240,2064,-1154
652,2174,-1202,2207,-1093
653,2269,-1150,2192,-1122
654,2264,-1232,2262,-1101
655,2386,-1355,2258,-1102
656,2421,-1157,2292,-1241
657,2149,-1405,2292,-1231
658,2413,-1205,2278,-1238
659,2413,-1257,2333,-1257
660,2412,-1278,2257,-1266
661,2278,-1256,2128,-1219
662,2147,-1274,2121,-1172
663,2140,-1483,2072,-1151
664,2263,-1275,1990,-1257
665,2245,-1298,1986,-1278
666,2282,-1409,2292,-1265
667,2045,-1366,1978,-1296
668,2041,-1370,2057,-1341
669,2102,-1376,2047,-1342
670,2126,-1373,2089,-1373
671,2026,-1372,1961,-1352
672,1980,-1471,2034,-1343
673,2298,-1400,1992,-1397
674,2405,-1413,2108,-1392
675,2409,-1353,2369,-1349
676,2379,-1397,2364,-1294
677,2410,-1394,2374,-1392
678,1617,-1419,1554,-1444
679,1630,-1447,1567,-1468
680,1601,-1491,1586,-1456
681,1637,-1476,1593,-1486
682,1650,-1531,1609,-1415
683,1782,-1468,1602,-1542
684,1716,-1587,1635,-1388
685,1782,-1698,1673,-1502
686,1751,-1416,1656,-1529
687,1721,-1392,1679,-1409
688,1728,-1403,1687,-1423
689,1696,-1425,1679,-1403
690,1744,-1433,1712,-1391
691,1681,-1620,1658,-1511
692,1730,-1563,1635,-1651
693,1747,-1520,1707,-1588
694,1773,-1476,1817,-1369
695,1831,-1461,1828,-1344
696,1711,-1624,1834,-1445
697,1739,-1591,1644,-1681
698,1744,-1617,1686,-1668
699,1753,-1721,1689,-1629
700,1777,-1593,1720,-1603
701,1832,-1540,1758,-1600
702,1873,-1605,1808,-1552
703,1855,-1582,1756,-1666
704,1929,-1544,1662,-1798
705,1819,-1657,2003,-1439
706,2154,-1425,2155,-1389
707,2234,-1436,2139,-1416
708,2353,-1470,2357,-1404
709,2403,-1433,2350,-1428
710,2401,-1471,1998,-1415
711,2035,-1503,2059,-1391
712,2052,-1451,1989,-1441
713,2010,-1470,1981,-1453
714,1996,-1466,2108,-1483
715,2105,-1486,2117,-1424
716,2084,-1509,2089,-1473
717,2108,-1510,1959,-1481
718,2108,-1525,2064,-1517
719,2084,-1546,2092,-1517
720,2127,-1550,1943,-1503
721,2116,-1470,2100,-1485
722,2100,-1531,2115,-1467
723,2217,-1607,2127,-1449
724,2370,-1503,2128,-1474
725,2226,-1524,2159,-1516
726,2191,-1802,2231,-1393
727,2403,-1625,1901,-1548
728,1932,-1617,1950,-1546
729,2119,-1614,1936,-1581
730,2174,-1636,2084,-1606
731,2255,-1705,1868,-1590
732,2336,-1709,2194,-1693
733,2397,-1702,2276,-1705
734,2344,-1663,2284,-1656
735,2401,-1461,2248,-1608
736,2138,-1792,2176,-1582
737,2269,-1803,2303,-1547
738,2387,-1788,2318,-1697
739,2037,-1793,2058,-1641
740,2160,-1730,2080,-1713
741,2151,-1784,1930,-1782
742,2394,-1807,2024,-1779
743,2045,-1947,2139,-1460
744,2203,-2015,2272,-1445
745,2302,-1911,2358,-1493
746,2310,-1903,2213,-1893
747,1916,-1645,1858,-1602
748,2060,-1680,1897,-1637
749,1983,-1792,1820,-1630
750,1987,-1886,1756,-1659
751,1854,-1655,1800,-1712
752,1913,-1632,1761,-1787
753,1830,-1795,1786,-1752
754,1966,-1648,1820,-1794
755,2008,-1659,1830,-1842
756,2006,-1749,1957,-1703
757,2061,-1662,1966,-1790
758,1957,-1880,1976,-1766
759,2063,-1903,1828,-1834
760,1978,-2027,1819,-1810
761,1884,-2017,1759,-1853
762,1709,-2028,1683,-2011
763,1883,-1884,1700,-2026
764,1784,-1970,1743,-1919
765,1802,-2008,1708,-1920
766,1822,-2063,1766,-1967
767,1908,-1920,1785,-2013
768,1897,-1908,1833,-1916
769,1859,-1964,1846,-1905
770,1863,-2030,1795,-1944
771,1911,-1993,1871,-1938
772,1939,-1963,1751,-2109
773,1938,-1916,1906,-1941
774,1947,-1938,1922,-1899
775,2030,-1917,1921,-1903
776,1941,-1940,1959,-1903
777,1943,-1990,1987,-1905
778,2062,-1884,1934,-1978
779,2058,-1914,1987,-1965
780,2030,-1989,2008,-1941
781,2012,-2002,1989,-1958
782,2352,-1960,2039,-1936
783,2393,-1953,2314,-1960
784,2073,-2142,2042,-1888
785,2151,-1974,2041,-1969
786,2124,-1977,2126,-1935
787,2249,-2027,2120,-1964
788,2164,-1992,2168,-1940
789,2135,-2010,2133,-1962
790,2140,-2005,2050,-2007
791,2275,-2006,2186,-1978
792,2247,-2003,2250,-1943
793,2392,-1967,2284,-1982
794,2393,-1984,2261,-2004
795,2294,-2008,2288,-1974
796,2325,-2017,2320,-1990
797,2329,-2009,2242,-2044
798,2286,-2110,2230,-2012
799,2175,-2049,2214,-1969
800,2266,-2060,2179,-2100
801,2393,-2045,2261,-2079
802,2067,-1964,1952,-2024
803,1990,-1998,1813,-2142
804,1830,-2147,1700,-1972
805,2384,-2312,2386,-1459
806,1959,-2069,1905,-2098
807,1958,-2077,1936,-2038
808,1925,-2115,1825,-2162
809,1887,-2174,1868,-2134
810,1940,-2141,1834,-2190
811,2010,-2093,1924,-2137
812,1988,-2149,1968,-2110
813,2074,-2096,2012,-2127
814,2081,-2126,1952,-2194
815,2210,-2128,2057,-2133
816,1994,-2139,1875,-2199
817,1855,-2219,1798,-2239
818,1838,-2251,1806,-2261
819,1971,-2201,1845,-2237
820,2061,-2195,1924,-2210
821,2022,-2257,2012,-2196
822,1909,-2283,1893,-2218
823,1847,-2309,1825,-2220
824,2081,-2238,1860,-2289
825,2122,-2206,2056,-2213
826,2115,-2211,2110,-2178
827,2193,-2179,2107,-2185
828,2196,-2322,2065,-2233
829,1656,-2226,1593,-2170
830,1593,-2220,1608,-2174
831,1653,-2249,1594,-2201
832,1627,-2248,1593,-2229
833,1587,-2262,1597,-2225
834,1628,-2245,1563,-2265
835,1627,-2315,1603,-2247
836,1603,-2282,1582,-2272
837,1592,-2304,1599,-2274
838,1650,-2244,1608,-2274
839,1650,-2307,1629,-2255
840,1641,-2325,1648,-2293
841,1706,-2062,1675,-2019
842,1705,-2052,1653,-2091
843,1727,-2201,1634,-2053
844,1649,-2131,1576,-2124
845,1742,-2070,1628,-2134
846,1763,-2107,1724,-2071
847,1732,-2105,1681,-2136
848,1746,-2131,1726,-2103
849,1698,-2143,1618,-2160
850,1747,-2124,1693,-2154
851,1782,-2325,1671,-2097
852,1816,-2265,1764,-2159
853,1969,-2214,1895,-2071
854,2086,-2262,1943,-1967
855,1720,-2431,1644,-2238
856,1753,-2445,1638,-2206
857,1769,-2370,1780,-2309
858,1803,-2382,1789,-2310
859,1843,-2397,1803,-2231
860,1868,-2404,1836,-2299
861,1874,-2295,1770,-2321
862,1911,-2304,1866,-2313
863,1916,-2330,1872,-2340
864,2014,-2349,1877,-2364
865,1920,-2369,1901,-2299
866,1951,-2403,1935,-2346
867,1932,-2428,1950,-2378
868,1988,-2450,1962,-2347
869,2012,-2387,1937,-2396
870,2002,-2466,2001,-2343
871,2007,-2480,2087,-2240
872,1995,-2396,2077,-2280
873,1842,-2357,1796,-2366
874,2194,-2304,1960,-2359
875,2255,-2314,2167,-2317
876,2289,-2244,2157,-2253
877,2291,-2266,2181,-2274
878,2293,-2297,2244,-2299
879,2296,-2319,2243,-2323
880,2252,-2339,2249,-2293
881,2190,-2340,2040,-2356
882,2186,-2375,2121,-2378
883,2133,-2398,2021,-2402
884,2183,-2417,2118,-2419
885,2127,-2422,2126,-2374
886,2109,-2464,2100,-2394
887,2112,-2427,2044,-2443
888,2055,-2470,2048,-2436
889,2182,-2440,1970,-2482
890,2231,-2440,2096,-2451
891,2228,-2488,2223,-2435
892,2173,-2425,2192,-2239
893,2298,-2399,2170,-2408
894,2268,-2453,2264,-2395
895,2246,-2454,2240,-2397
896,2203,-2476,2201,-2436
897,2138,-2481,2135,-2444
898,2232,-2468,2133,-2476
899,2191,-2325,2178,-2033
900,2287,-2101,2157,-2137
901,2286,-2151,2178,-2166
902,2264,-2252,2259,-2148
903,2324,-2139,2273,-2137
904,2007,-2393,1951,-2173
905,2296,-2465,2273,-2068
906,1979,-2708,1822,-2129
907,2082,-2776,2012,-2425
908,2101,-2475,2018,-2490
909,2110,-2525,2091,-2469
910,2298,-2461,1796,-2616
911,2327,-2442,2223,-2488
912,2401,-2447,2220,-2448
913,2272,-2599,2252,-2436
914,2176,-2564,2177,-2298
915,2339,-2264,2316,-2133
916,2394,-2163,2320,-2173
917,2394,-2237,2327,-2239
918,2395,-2261,2276,-2255
919,2376,-2409,2285,-2409
920,2363,-2480,2388,-2154
921,600,-541,328,-409
922,710,-630,521,-495
923,259,-748,345,-408
924,237,-918,266,-699
925,400,-519,323,-468
926,390,-519,444,-458
927,333,-553,382,-501
928,354,-542,300,-559
929,375,-564,299,-572
930,489,-506,348,-572
931,421,-608,495,-481
932,348,-612,292,-594
933,443,-584,316,-610
934,343,-696,319,-598
935,350,-689,260,-710
936,518,-573,567,-519
937,320,-769,246,-823
938,376,-887,311,-767
939,282,-830,245,-833
940,311,-799,261,-837
941,344,-897,293,-805
942,322,-848,240,-862
943,865,-794,223,-904
944,465,-869,409,-759
945,498,-697,407,-768
946,519,-653,482,-713
947,610,-713,509,-654
948,565,-729,495,-684
949,573,-617,536,-676
950,658,-584,575,-700
951,666,-784,577,-682
952,711,-614,595,-721
953,732,-653,617,-742
954,801,-665,650,-788
955,607,-776,531,-701
956,608,-798,598,-765
957,558,-810,552,-771
958,562,-790,511,-732
959,593,-682,422,-799
960,677,-778,437,-826
961,528,-962,482,-751
962,157,-1117,253,-845
963,152,-1197,168,-1065
964,184,-1245,140,-1160
965,295,-1002,225,-888
966,229,-1062,262,-935
967,304,-1038,201,-980
968,308,-908,248,-967
969,303,-921,302,-886
970,307,-1005,339,-876
971,348,-1015,287,-993
972,373,-999,310,-973
973,384,-987,317,-932
974,409,-974,329,-899
975,412,-968,333,-1017
976,429,-1134,333,-1003
977,269,-1081,321,-998
978,353,-1065,198,-1057
979,346,-1106,208,-1090
980,345,-1136,189,-1119
981,349,-1182,152,-1162
982,184,-1217,180,-1159
983,209,-1213,162,-1214
984,195,-1126,203,-1052
985,201,-1238,217,-1051
986,267,-1239,274,-1055
987,330,-1237,345,-1054
988,445,-1004,336,-1068
989,562,-973,425,-1011
990,465,-1097,412,-1016
991,516,-1205,356,-1046
992,379,-1202,371,-1158
993,415,-1158,367,-1164
994,448,-1100,344,-1238
995,511,-1055,419,-1127
996,628,-1007,481,-1073
997,480,-1211,398,-1155
998,430,-1239,433,-1168
999,463,-1136,427,-1183
1000,474,-1237,473,-1202
1001,456,-972,359,-863
1002,511,-1069,410,-914
1003,529,-929,442,-972
1004,577,-1039,516,-929
1005,700,-1140,564,-1025
1006,643,-878,404,-922
1007,660,-919,612,-877
1008,609,-925,537,-984
1009,682,-819,597,-921
1010,625,-1013,598,-914
1011,644,-1022,618,-1005
1012,638,-1023,644,-978
1013,629,-930,601,-941
1014,645,-992,622,-928
1015,724,-871,652,-918
1016,719,-963,660,-908
1017,737,-937,684,-890
1018,760,-922,715,-871
1019,761,-915,704,-956
1020,804,-973,744,-921
1021,584,-1107,477,-1175
1022,731,-1228,573,-1107
1023,633,-1144,555,-1182
1024,559,-1251,562,-1173
1025,572,-1266,646,-1157
1026,608,-1292,553,-1241
1027,565,-1229,170,-1234
1028,713,-1124,855,-846
1029,856,-885,902,-835
1030,924,-946,842,-855
1031,850,-935,882,-889
1032,866,-949,850,-926
1033,859,-947,900,-910
1034,863,-1000,797,-945
1035,689,-1139,964,-904
1036,955,-1261,734,-1065
1037,723,-1181,780,-1096
1038,751,-1202,721,-1172
1039,832,-1264,755,-1174
1040,915,-1029,791,-1129
1041,948,-1031,907,-1031
1042,1015,-1076,932,-989
1043,1036,-1049,924,-930
1044,983,-1103,1037,-1041
1045,977,-1076,893,-1040
1046,999,-1115,961,-1065
1047,995,-1141,986,-1088
1048,999,-1130,939,-1180
1049,948,-1097,894,-1099
1050,957,-1136,908,-1137
1051,790,-1221,903,-1095
1052,864,-1189,921,-1132
1053,901,-1207,821,-1261
1054,991,-1193,937,-1257
1055,1170,-1127,1041,-1242
1056,1153,-1183,1132,-1152
1057,1156,-1177,1134,-1193
1058,1098,-1262,1060,-1215
1059,1079,-1278,1043,-1231
1060,1204,-1167,1050,-1293
1061,1223,-1190,1139,-1251
1062,1189,-1280,1216,-1183
1063,987,-1334,942,-1291
1064,1056,-1273,981,-1333
1065,1013,-1331,998,-1309
1066,1013,-1401,942,-1352
1067,1014,-1326,960,-1372
1068,769,-1349,709,-1207
1069,609,-1339,696,-1193
1070,616,-1336,577,-1307
1071,645,-1343,614,-1322
1072,636,-1306,589,-1280
1073,645,-1296,606,-1266
1074,655,-1278,616,-1251
1075,769,-1025,523,-1397
1076,543,-1310,500,-1180
1077,649,-1393,530,-1292
1078,699,-1385,678,-1344
1079,958,-1241,638,-1410
1080,958,-1509,935,-921
1081,852,-1455,783,-1325
1082,431,-1604,830,-1091
1083,672,-1502,491,-1358
1084,378,-1635,589,-1360
1085,539,-1529,604,-1443
1086,642,-1493,600,-1379
1087,662,-1635,629,-1449
1088,577,-1623,651,-1533
1089,491,-1669,645,-1471
1090,477,-1642,561,-1529
1091,706,-1619,443,-1672
1092,515,-1503,463,-1458
1093,559,-1511,519,-1478
1094,528,-1537,497,-1509
1095,682,-1635,532,-1514
1096,382,-1718,551,-1499
1097,517,-1665,387,-1559
1098,590,-1687,580,-1612
1099,430,-1665,352,-1607
1100,506,-1376,427,-1220
1101,510,-1363,417,-1379
1102,436,-1382,410,-1315
1103,445,-1380,363,-1357
1104,439,-1365,402,-1409
1105,362,-1524,376,-1224
1106,419,-1321,165,-1305
1107,396,-1362,164,-1350
1108,412,-1405,158,-1397
1109,247,-1406,252,-1305
1110,150,-1535,175,-1210
1111,371,-1449,153,-1433
1112,368,-1484,200,-1470
1113,406,-1473,361,-1469
1114,430,-1521,390,-1465
1115,366,-1518,195,-1503
1116,203,-1513,205,-1432
1117,275,-1481,278,-1437
1118,180,-1526,208,-1498
1119,194,-1519,137,-1530
1120,262,-1546,157,-1541
1121,191,-1571,175,-1534
1122,288,-1599,199,-1534
1123,353,-1627,245,-1538
1124,382,-1588,343,-1566
1125,294,-1642,349,-1564
1126,240,-1649,297,-1574
1127,329,-1659,182,-1560
1128,195,-1634,240,-1592
1129,374,-1721,189,-1605
1130,228,-1623,147,-1636
1131,258,-1633,152,-1693
1132,217,-1684,201,-1656
1133,220,-1678,190,-1696
1134,227,-1750,180,-1669
1135,253,-1685,199,-1714
1136,244,-1736,196,-1761
1137,274,-1747,228,-1737
1138,214,-1758,149,-1735
1139,347,-1701,289,-1692
1140,355,-1732,276,-1712
1141,385,-1758,356,-1706
1142,422,-1696,332,-1632
1143,472,-1662,282,-1765
1144,391,-1728,299,-1791
1145,428,-1730,365,-1735
1146,408,-1736,386,-1694
1147,373,-1840,379,-1727
1148,501,-1797,368,-1787
1149,486,-1830,499,-1712
1150,626,-1250,266,-1732
1151,356,-1605,224,-1823
1152,473,-2080,146,-1516
1153,144,-1921,169,-1532
1154,399,-2101,155,-1673
1155,349,-1850,233,-1795
1156,381,-1809,267,-1882
1157,462,-1928,370,-1829
1158,512,-1906,481,-1790
1159,587,-2005,502,-1885
1160,588,-2064,582,-1985
1161,536,-1964,471,-2005
1162,594,-2064,523,-1962
1163,650,-2081,580,-2055
1164,697,-2163,624,-2048
1165,750,-2102,687,-2161
1166,841,-2080,739,-2108
1167,495,-2088,455,-1914
1168,594,-2139,457,-2064
1169,670,-2229,536,-2097
1170,732,-2259,626,-2192
1171,771,-2171,652,-2228
1172,403,-1855,173,-2013
1173,378,-2011,318,-1903
1174,430,-2067,330,-1893
1175,465,-2052,422,-2063
1176,258,-1787,79,-1948
1177,258,-1843,136,-1907
1178,220,-1899,201,-1867
1179,271,-1862,212,-1896
1180,193,-1936,162,-1888
1181,209,-1921,162,-1948
1182,333,-2129,162,-1863
1183,290,-1898,251,-1925
1184,418,-1972,231,-2066
1185,351,-2079,317,-2015
1186,354,-2070,331,-2081
1187,343,-2100,332,-2076
1188,345,-2091,299,-2114
1189,475,-2066,223,-2161
1190,372,-2261,120,-1868
1191,239,-2160,76,-1887
1192,167,-1934,122,-1973
1193,219,-1986,93,-2048
1194,250,-2054,196,-2096
1195,209,-2099,104,-2167
1196,263,-2079,206,-2118
1197,202,-2173,69,-1963
1198,203,-2194,192,-2146
1199,237,-2186,171,-2188
1200,233,-2236,231,-2136
1201,130,-2046,23,-2034
1202,218,-2240,65,-2034
1203,246,-2225,210,-2236
1204,282,-2258,225,-2219
1205,0,-2113,103,-1917
1206,120,-2160,15,-2052
1207,160,-2265,87,-2118
1208,217,-2307,138,-2240
1209,286,-2275,201,-2302
1210,352,-2212,254,-2250
1211,275,-2293,268,-2088
1212,313,-2238,261,-2168
1213,382,-2178,304,-2240
1214,401,-2124,367,-2195
1215,394,-2149,390,-2075
1216,335,-2226,379,-2094
1217,114,-2414,11,-2076
1218,51,-2134,27,-2142
1219,66,-2164,46,-2132
1220,68,-2160,37,-2171
1221,62,-2398,0,-2104
1222,38,-2213,15,-2220
1223,69,-2337,32,-2210
1224,91,-2325,45,-2339
1225,119,-2302,80,-2314
1226,144,-2450,110,-2296
1227,203,-2402,130,-2412
1228,204,-2445,176,-2267
1229,231,-2427,209,-2292
1230,258,-2424,233,-2283
1231,298,-2415,194,-2418
1232,208,-2439,125,-2445
1233,167,-2476,164,-2435
1234,306,-2460,103,-2475
1235,322,-2369,278,-2319
1236,322,-2432,316,-2356
1237,426,-2313,359,-2329
1238,442,-2176,378,-2218
1239,453,-2188,360,-2252
1240,463,-2208,410,-2245
1241,485,-2092,411,-2153
1242,524,-2118,443,-2075
1243,552,-2106,468,-2096
1244,562,-2179,494,-2096
1245,526,-2114,469,-2152
1246,551,-2153,498,-2191
1247,532,-2180,497,-2129
1248,591,-2131,550,-2178
1249,602,-2280,534,-2132
1250,676,-2444,449,-2113
1251,641,-2470,412,-2144
1252,495,-2353,396,-2218
1253,532,-2216,403,-2305
1254,583,-2222,426,-2334
1255,695,-2202,453,-2373
1256,730,-2199,696,-2240
1257,740,-2216,712,-2251
1258,752,-2223,721,-2262
1259,748,-2236,718,-2191
1260,783,-2247,730,-2218
1261,747,-2306,779,-2239
1262,857,-2440,700,-2227
1263,655,-2244,698,-2143
1264,720,-2423,647,-2194
1265,556,-2374,514,-2322
1266,588,-2477,549,-2361
1267,566,-2390,465,-2389
1268,580,-2372,552,-2394
1269,534,-2433,496,-2381
1270,568,-2399,505,-2445
1271,664,-2412,617,-2446
1272,592,-2462,493,-2526
1273,809,-2838,264,-2111
1274,636,-2547,572,-2440
1275,524,-2554,479,-2490
1276,365,-2413,291,-2435
1277,580,-2731,353,-2409
1278,317,-2664,264,-2138
1279,231,-2613,225,-2349
1280,313,-2539,186,-2546
1281,385,-2496,328,-2535
1282,430,-2499,293,-2590
1283,412,-2550,370,-2488
1284,444,-2522,356,-2580
1285,439,-2568,416,-2532
1286,444,-2559,375,-2602
1287,355,-2553,182,-2630
1288,212,-2622,112,-2630
1289,141,-2756,162,-2620
1290,79,-2679,54,-2331
1291,98,-2757,67,-2613
1292,131,-2774,104,-2368
1293,119,-2517,60,-2526
1294,241,-2701,60,-2729
1295,576,-2519,163,-2731
1296,871,-2305,324,-2674
1297,706,-3045,294,-2481
1298,757,-3136,624,-2928
1299,61,-2805,100,-2734
1300,145,-3049,61,-2779
1301,146,-2801,66,-2830
1302,166,-2865,69,-2894
1303,204,-2763,148,-2784
1304,231,-2799,141,-2832
1305,277,-2855,163,-2896
1306,305,-2889,96,-2961
1307,169,-2970,104,-2993
1308,203,-2978,163,-2993
1309,284,-2964,149,-3019
1310,326,-2921,238,-2993
1311,160,-3059,155,-3009
1312,189,-3089,126,-3013
1313,170,-3076,184,-3038
1314,273,-3011,177,-3047
1315,327,-2952,248,-3026
1316,262,-3032,211,-3050
1317,314,-3041,126,-3101
1318,487,-2913,287,-3054
1319,277,-3081,181,-3114
1320,354,-3083,185,-3141
1321,330,-3106,326,-3086
1322,364,-3100,326,-3103
1323,265,-3152,250,-3111
1324,436,-3089,183,-3174
1325,302,-3156,247,-3174
1326,288,-3194,267,-3137
1327,338,-3186,309,-3125
1328,392,-3172,344,-3079
1329,177,-3012,105,-2784
1330,263,-3202,113,-2702
1331,220,-2997,132,-2711
1332,237,-3029,222,-2985
1333,304,-3191,173,-2767
1334,265,-2979,229,-2866
1335,244,-2873,212,-2779
1336,288,-2959,257,-2898
1337,312,-2995,269,-2960
1338,327,-3030,295,-2973
1339,373,-3115,260,-3007
1340,422,-3166,348,-3003
1341,232,-3235,166,-3044
1342,379,-3003,156,-2711
1343,408,-3016,362,-2986
1344,462,-3159,393,-3002
1345,338,-2677,174,-2745
1346,412,-2632,332,-2694
1347,434,-2666,232,-2818
1348,461,-2701,260,-2850
1349,447,-2761,287,-2898
1350,404,-2858,350,-2898
1351,577,-2740,423,-2851
1352,484,-2859,340,-2958
1353,440,-2908,396,-2941
1354,558,-2836,465,-2911
1355,469,-2949,422,-2982
1356,440,-2984,406,-3007
1357,627,-2876,446,-3017
1358,460,-3016,433,-3034
1359,537,-2991,450,-3049
1360,716,-2860,534,-3007
1361,499,-3052,476,-3075
1362,527,-3082,491,-3051
1363,554,-3018,504,-3070
1364,657,-2972,591,-3025
1365,672,-2993,571,-3066
1366,751,-3011,528,-3111
1367,528,-3139,535,-3101
1368,717,-3067,627,-3103
1369,636,-3118,628,-3096
1370,286,-2841,188,-2704
1371,326,-2872,289,-2819
1372,471,-3042,222,-2686
1373,384,-2971,363,-2937
1374,408,-2977,376,-2963
1375,420,-3021,391,-2963
1376,458,-3049,406,-3001
1377,496,-2992,278,-2698
1378,622,-3134,307,-2637
1379,522,-2874,390,-2691
1380,580,-2921,450,-2747
1381,542,-2957,488,-2885
1382,532,-3161,415,-2953
1383,595,-3057,548,-2987
1384,652,-3100,563,-2975
1385,704,-3105,661,-3047
1386,1207,-2980,151,-3220
1387,939,-2999,493,-2423
1388,589,-2535,409,-2647
1389,631,-2594,528,-2668
1390,607,-2695,510,-2794
1391,769,-2585,552,-2736
1392,643,-2753,590,-2785
1393,672,-2793,594,-2849
1394,804,-2723,664,-2813
1395,812,-2821,724,-2888
1396,714,-2787,539,-2559
1397,714,-2872,515,-2574
1398,625,-2772,580,-2712
1399,634,-2830,561,-2725
1400,653,-2923,536,-2760
1401,838,-2950,762,-2851
1402,803,-2977,627,-2756
1403,881,-2913,691,-3045
1404,727,-3063,706,-3026
1405,743,-3045,676,-3089
1406,805,-2994,752,-3033
1407,828,-2991,736,-3060
1408,773,-3100,720,-3020
1409,791,-3085,739,-3005
1410,851,-3068,782,-2975
1411,876,-3064,838,-3012
1412,880,-3022,833,-3054
1413,860,-3014,815,-2955
1414,893,-2991,843,-2927
1415,946,-3014,871,-2970
1416,916,-3053,868,-2989
1417,970,-3093,896,-2931
1418,1002,-2887,731,-3110
1419,1045,-2618,881,-2302
1420,1161,-2775,991,-2531
1421,1258,-3009,1115,-2695
1422,649,-2531,594,-2568
1423,660,-2486,639,-2544
1424,777,-2408,651,-2495
1425,783,-2433,678,-2509
1426,675,-2543,687,-2488
1427,694,-2547,658,-2571
1428,744,-2574,687,-2560
1429,796,-2527,721,-2576
1430,691,-2603,637,-2532
1431,701,-2572,675,-2528
1432,753,-2604,651,-2443
1433,755,-2559,704,-2481
1434,771,-2549,724,-2472
1435,813,-2579,704,-2389
1436,806,-2502,764,-2404
1437,943,-2321,799,-2415
1438,915,-2353,823,-2309
1439,866,-2378,827,-2306
1440,878,-2435,809,-2336
1441,823,-2440,772,-2367
1442,965,-2422,803,-2440
1443,824,-2494,805,-2435
1444,818,-2448,783,-2461
1445,879,-2453,805,-2450
1446,844,-2486,828,-2446
1447,863,-2482,849,-2447
1448,878,-2475,867,-2410
1449,960,-2444,767,-2509
1450,960,-2396,927,-2325
1451,989,-2315,931,-2348
1452,1003,-2322,935,-2358
1453,1030,-2336,918,-2391
1454,1078,-2352,954,-2393
1455,1119,-2384,931,-2295
1456,973,-2467,835,-2510
1457,843,-2516,829,-2480
1458,896,-2510,848,-2527
1459,862,-2554,849,-2519
1460,903,-2543,889,-2507
1461,929,-2530,910,-2479
1462,1064,-2471,741,-2599
1463,783,-2630,761,-2583
1464,857,-2597,777,-2628
1465,853,-2606,833,-2553
1466,878,-2750,773,-2496
1467,797,-2735,730,-2559
1468,779,-2670,700,-2701
1469,1001,-2579,833,-2654
1470,1011,-2535,942,-2563
1471,775,-2749,704,-2625
1472,909,-2684,735,-2754
1473,921,-2731,899,-2680
1474,1097,-2649,764,-2790
1475,1027,-2632,975,-2657
1476,1127,-2841,974,-2539
1477,1049,-2807,977,-2647
1478,931,-2955,821,-2761
1479,872,-2840,830,-2865
1480,860,-2776,831,-2788
1481,895,-2840,870,-2854
1482,1029,-2749,880,-2832
1483,1008,-2738,965,-2742
1484,987,-3010,852,-2774
1485,1012,-2830,954,-2856
1486,987,-2848,958,-2783
1487,996,-2906,967,-2842
1488,983,-2943,936,-2853
1489,1013,-2920,946,-2952
1490,1032,-2883,998,-2932
1491,1015,-2951,1000,-2917
1492,1084,-2902,1004,-2938
1493,1018,-2940,919,-3004
1494,1021,-3034,986,-2954
1495,1079,-3027,956,-2700
1496,1075,-2955,924,-3017
1497,1098,-2959,1000,-2682
1498,1132,-2940,988,-2987
1499,1282,-2772,959,-2907
1500,1044,-2783,988,-2802
1501,1029,-2804,993,-2815
1502,1052,-2877,1021,-2800
1503,1043,-2840,1008,-2854
1504,1047,-2746,1010,-2677
1505,1140,-2733,1039,-2741
1506,1092,-2830,1050,-2734
1507,1161,-2764,1036,-2802
1508,1073,-2831,1054,-2791
1509,1158,-2831,1072,-2678
1510,1128,-2948,1085,-2843
1511,1137,-3019,1108,-2942
1512,1164,-3014,1144,-2956
1513,1262,-2988,926,-3038
1514,1176,-2982,1418,-3018
1515,1022,-2348,1033,-2280
1516,1088,-2492,1054,-2272
1517,1075,-2376,934,-2429
1518,1019,-2436,1006,-2398
1519,1114,-2394,954,-2456
1520,1101,-2406,1120,-2373
1521,1158,-2381,1100,-2379
1522,1125,-2412,1150,-2374
1523,1156,-2402,1095,-2396
1524,1178,-2431,1130,-2393
1525,1254,-2340,1135,-2383
1526,1186,-2371,1185,-2313
1527,1245,-2309,1181,-2331
1528,1274,-2459,1205,-2189
1529,1286,-2285,1228,-2302
1530,1331,-2278,1276,-2298
1531,1340,-2304,1284,-2322
1532,1300,-2339,1244,-2358
1533,1420,-2302,1338,-2328
1534,1315,-2393,1262,-2240
1535,1354,-2341,1222,-2418
1536,1350,-2352,1335,-2298
1537,1391,-2368,1306,-2389
1538,1391,-2413,1375,-2365
1539,1380,-2393,1390,-2305
1540,1452,-2384,1375,-2223
1541,1087,-2434,966,-2482
1542,1025,-2495,1009,-2458
1543,1079,-2528,1049,-2443
1544,1115,-2533,1068,-2511
1545,1089,-2516,1047,-2539
1546,1134,-2513,1100,-2536
1547,1165,-2659,1100,-2522
1548,1109,-2586,1057,-2636
1549,1131,-2579,1094,-2595
1550,1192,-2748,1086,-2603
1551,1181,-2534,1075,-2665
1552,1280,-2447,1126,-2591
1553,1228,-2398,1075,-2479
1554,1270,-2617,1075,-2473
1555,1145,-2472,1120,-2446
1556,1157,-2452,1130,-2480
1557,1155,-2497,1130,-2473
1558,1176,-2469,1148,-2497
1559,1174,-2476,1151,-2452
1560,1180,-2503,1156,-2482
1561,1186,-2466,1157,-2543
1562,1236,-2406,1168,-2501
1563,1233,-2423,1201,-2354
1564,1287,-2525,1188,-2413
1565,1249,-2426,1221,-2456
1566,1265,-2465,1234,-2434
1567,1290,-2583,1214,-2503
1568,1241,-2526,1193,-2568
1569,1341,-2661,1216,-2540
1570,1374,-2568,1323,-2640
1571,1336,-2666,1325,-2628
1572,1305,-2615,1275,-2643
1573,1288,-2513,1249,-2548
1574,1307,-2467,1263,-2505
1575,1376,-2448,1281,-2482
1576,1363,-2546,1266,-2440
1577,1337,-2502,1315,-2462
1578,1353,-2556,1345,-2447
1579,1407,-2551,1273,-2516
1580,1457,-2574,1308,-2521
1581,1311,-2535,1433,-2331
1582,1257,-2592,1374,-2442
1583,1438,-2520,1358,-2445
1584,1460,-2490,1441,-2343
1585,1500,-2313,1435,-2362
1586,1509,-2365,1468,-2330
1587,1496,-2382,1456,-2341
1588,1436,-2439,1530,-2335
1589,1250,-2611,1548,-2360
1590,1515,-2436,1498,-2394
1591,1529,-2633,1438,-2426
1592,1726,-2341,1416,-2464
1593,1586,-2409,1409,-2225
1594,1677,-2703,1565,-2377
1595,1596,-2442,1542,-2464
1596,1570,-2460,1520,-2456
1597,1510,-2494,1528,-2450
1598,1550,-2493,1502,-2486
1599,1541,-2501,1560,-2450
1600,1614,-2495,1544,-2476
1601,1523,-2481,1465,-2507
1602,1432,-2523,1463,-2425
1603,1463,-2463,1410,-2505
1604,1486,-2609,1472,-2482
1605,1461,-2595,1486,-2568
1606,1463,-2715,1467,-2578
1607,1554,-2720,1471,-2572
1608,1504,-2681,1393,-2544
1609,1417,-2661,1324,-2497
1610,1309,-2677,1448,-2563
1611,1302,-2699,1339,-2648
1612,1412,-2799,1244,-2594
1613,1415,-2740,1287,-2659
1614,1377,-2661,1331,-2709
1615,1412,-2705,1370,-2661
1616,1435,-2698,1403,-2703
1617,1444,-2722,1425,-2694
1618,1461,-2620,1378,-2680
1619,1473,-2706,1425,-2638
1620,1494,-2657,1454,-2688
1621,1277,-2689,1299,-2649
1622,1283,-2725,1277,-2677
1623,1312,-2693,1276,-2663
1624,1346,-2796,1302,-2681
1625,1379,-2713,1298,-2726
1626,1298,-2786,1309,-2719
1627,1313,-2728,1189,-2683
1628,1220,-2771,1272,-2557
1629,1177,-2743,1289,-2571
1630,1194,-2725,1136,-2752
1631,1285,-2793,1168,-2729
1632,1186,-2790,1183,-2714
1633,1193,-2784,1159,-2800
1634,1171,-2828,1231,-2744
1635,1275,-2808,1265,-2703
1636,1312,-2743,1263,-2747
1637,1212,-2699,1150,-2636
1638,1126,-2260,1060,-2365
1639,1609,-2728,1190,-2794
1640,1531,-2657,1337,-2781
1641,1443,-2759,1423,-2719
1642,1482,-2878,1385,-2715
1643,1579,-2857,1483,-2682
1644,1583,-2820,1522,-2650
1645,1845,-2442,1416,-2582
1646,1571,-2609,1535,-2539
1647,1619,-2504,1555,-2591
1648,1637,-2566,1503,-2639
1649,1573,-2649,1549,-2608
1650,1653,-2613,1566,-2647
1651,1627,-2718,1584,-2634
1652,1619,-2663,1602,-2626
1653,1662,-2640,1575,-2674
1654,1594,-2701,1576,-2668
1655,1668,-2658,1542,-2718
1656,1723,-2670,1544,-2746
1657,1719,-2757,1645,-2633
1658,1741,-2992,1709,-2726
1659,1727,-3020,1744,-2963
1660,1774,-3019,1732,-2971
1661,1721,-3014,2040,-2992
1662,1739,-3186,1745,-3006
1663,1330,-2803,1185,-2857
1664,1352,-2783,1268,-2832
1665,1325,-2940,1265,-2769
1666,1243,-2864,1195,-2883
1667,1306,-2874,1209,-2913
1668,1317,-2903,1265,-2916
1669,1322,-2913,1267,-2928
1670,1443,-2898,1265,-2943
1671,1274,-3004,1272,-2908
1672,1324,-3063,1321,-2921
1673,1331,-2815,1294,-2765
1674,1382,-3034,1321,-2793
1675,1397,-2837,1292,-2861
1676,1419,-2818,1360,-2849
1677,1430,-2937,1325,-2752
1678,1390,-2804,1358,-2758
1679,1415,-2790,1357,-2815
1680,1386,-2919,1366,-2838
1681,1401,-2774,1485,-3100
1682,1416,-3056,1431,-2970
1683,1680,-2838,1351,-3021
1684,1724,-2825,1563,-2895
1685,1739,-2855,1453,-3014
1686,1521,-2844,1448,-2746
1687,1540,-2777,1485,-2805
1688,1555,-2803,1462,-2853
1689,1547,-2828,1515,-2843
1690,1485,-2869,1402,-2913
1691,1560,-2877,1469,-2871
1692,1595,-2915,1537,-2871
1693,1544,-2883,1567,-2825
1694,1573,-2907,1575,-2782
1695,1629,-2973,1554,-2873
1696,1689,-3018,1582,-2920
1697,1675,-2812,1632,-2819
1698,1679,-2851,1662,-2803
1699,1594,-2893,1643,-2811
1700,1644,-2912,1609,-2849
1701,1664,-2902,1640,-2855
1702,1707,-2953,1651,-2898
1703,1705,-2908,1690,-2874
1704,1673,-2925,1706,-2896
1705,1609,-2960,1700,-2887
1706,1643,-2941,1625,-2912
1707,1582,-3019,1627,-2938
1708,1575,-3101,1596,-2980
1709,1554,-2965,1528,-2915
1710,1522,-3017,1485,-2934
1711,1509,-3039,1527,-2966
1712,1597,-3006,1510,-3005
1713,1593,-3039,1571,-2944
1714,1597,-3033,1501,-3032
1715,1539,-3046,1448,-2996
1716,1554,-3091,1520,-3028
1717,1673,-2979,1706,-2944
1718,1671,-3015,1678,-2967
1719,1685,-3144,1683,-3006
1720,1751,-3035,1677,-3047
1721,1747,-3093,1676,-3089
1722,1827,-3194,1360,-2999
1723,1520,-2354,1548,-2278
1724,1571,-2419,1581,-2287
1725,1645,-2384,1666,-2319
1726,1757,-2618,1687,-2325
1727,1744,-2407,1704,-2417
1728,1861,-2411,1676,-2458
1729,1828,-2433,1814,-2375
1730,1695,-2496,1673,-2435
1731,1772,-2476,1758,-2431
1732,1809,-2462,1831,-2413
1733,1829,-2458,1868,-2390
1734,1908,-2429,1602,-2516
1735,1848,-2607,1783,-2424
1736,1738,-2510,1621,-2560
1737,1770,-2518,1729,-2531
1738,1819,-2510,1765,-2532
1739,1921,-2463,1818,-2498
1740,1990,-2433,1902,-2449
1741,1933,-2478,1812,-2525
1742,2034,-2453,1882,-2492
1743,1994,-2563,1973,-2464
1744,2016,-2612,2007,-2545
1745,1777,-2554,1764,-2515
1746,1803,-2542,1772,-2551
1747,1834,-2641,1785,-2518
1748,1709,-2565,1633,-2596
1749,1752,-2559,1681,-2571
1750,1756,-2573,1643,-2639
1751,1897,-2543,1731,-2582
1752,1761,-2593,1650,-2654
1753,1839,-2832,1741,-2572
1754,1879,-2723,1807,-2585
1755,1862,-2586,1660,-2701
1756,1782,-2658,1688,-2718
1757,1840,-2631,1774,-2672
1758,1957,-2601,1780,-2686
1759,1875,-2666,1862,-2639
1760,1887,-2657,1837,-2681
1761,1972,-2659,1862,-2703
1762,1977,-2675,1803,-2752
1763,1917,-2706,1907,-2680
1764,1889,-2825,1867,-2688
1765,1946,-2710,1864,-2735
1766,1958,-2742,1928,-2706
1767,1980,-2729,1931,-2743
1768,1935,-2819,1935,-2735
1769,1971,-2823,1971,-2669
1770,1794,-2773,1709,-2786
1771,1821,-2739,1773,-2781
1772,1790,-2815,1778,-2763
1773,1834,-2786,1780,-2796
1774,1900,-2805,1707,-2867
1775,2154,-2839,1877,-2805
1776,1882,-2866,1889,-2793
1777,1970,-2890,1877,-2860
1778,1935,-2884,1950,-2808
1779,1933,-2977,1986,-2811
1780,2187,-2957,1935,-2847
1781,2010,-2885,2017,-2808
1782,2151,-2552,2035,-2568
1783,2142,-2562,2127,-2494
1784,2064,-2784,2132,-2549
1785,2120,-2583,2183,-2486
1786,2270,-2518,2097,-2511
1787,2210,-2522,2201,-2484
1788,2377,-2497,2231,-2521
1789,2295,-2678,2284,-2454
1790,2400,-2690,2155,-2492
1791,2396,-2549,2284,-2553
1792,2324,-2602,2327,-2546
1793,2380,-2601,2373,-2544
1794,2412,-2585,2283,-2602
1795,2257,-2570,2166,-2556
1796,2239,-2580,2164,-2575
1797,2280,-2586,1928,-2610
1798,2139,-2843,2178,-2487
1799,2231,-2601,2241,-2511
1800,2237,-2681,2232,-2547
1801,2145,-2641,2142,-2591
1802,2223,-2616,2160,-2616
1803,2218,-2631,2219,-2586
1804,2175,-2636,2102,-2632
1805,2314,-2615,2130,-2637
1806,2304,-2609,2255,-2606
1807,2300,-2633,2242,-2634
1808,2245,-2640,2277,-2580
1809,2254,-2669,2244,-2616
1810,2405,-2628,2282,-2645
1811,2334,-2631,2224,-2676
1812,2267,-2787,2299,-2605
1813,2333,-2670,2283,-2670
1814,2179,-2666,2055,-2681
1815,2245,-2671,2131,-2667
1816,2184,-2859,2204,-2642
1817,2160,-2705,2084,-2703
1818,2189,-2744,2240,-2659
1819,2281,-2738,2066,-2736
1820,2374,-2765,2256,-2734
1821,2332,-2722,2274,-2712
1822,2324,-2725,2343,-2689
1823,2385,-2702,2336,-2692
1824,2355,-2723,2356,-2690
1825,2383,-2724,2350,-2718
1826,2368,-2516,2366,-2398
1827,2408,-2610,2361,-2470
1828,2323,-2967,2406,-2577
1829,2200,-2762,2143,-2759
1830,2220,-2778,2221,-2732
1831,2273,-2781,2188,-2767
1832,2196,-2788,2063,-2766
1833,2113,-2842,2118,-2768
1834,2232,-2800,2184,-2799
1835,2251,-2816,2212,-2795
1836,2217,-2826,2224,-2793
1837,2227,-2821,2136,-2812
1838,2240,-2833,2211,-2816
1839,2206,-2867,2271,-2776
1840,2362,-2823,2249,-2797
1841,2216,-2863,2127,-2831
1842,2106,-2929,2152,-2772
1843,2050,-2942,2075,-2725
1844,2128,-2879,2052,-2860
1845,2081,-2919,2095,-2862
1846,1992,-3169,2076,-2800
1847,2005,-3011,2038,-2886
1848,2047,-2952,2016,-2945
1849,2078,-2972,2030,-2961
1850,2111,-2949,2052,-2971
1851,2097,-3009,2057,-2961
1852,2142,-2990,2102,-2947
1853,2145,-2980,2086,-3006
1854,2167,-2992,2127,-2982
1855,2090,-3029,2093,-2995
1856,2132,-3038,2183,-2948
1857,2131,-3071,2142,-3007
1858,2195,-3085,2128,-3061
1859,2280,-3045,2137,-3011
1860,2299,-3016,2166,-2969
1861,2176,-3127,2220,-2981
1862,2044,-2981,1978,-2964
1863,1973,-3006,1986,-2956
1864,1983,-2983,1862,-2948
1865,1821,-3110,1871,-2942
1866,2274,-3066,1965,-2993
1867,1973,-3151,1998,-2986
1868,1761,-3127,1798,-3001
1869,1766,-3186,1764,-3102
1870,1921,-3143,1733,-3070
1871,1823,-3064,1777,-3048
1872,1790,-3107,1807,-3051
1873,1800,-3156,1793,-3083
1874,1793,-3192,1800,-3140
1875,1804,-3126,1758,-3119
1876,1830,-3153,1791,-3149
1877,1820,-3196,1826,-3077
1878,1850,-3177,1818,-3168
1879,1911,-3180,1843,-3166
1880,1886,-3076,1830,-3058
1881,1869,-3088,1902,-3028
1882,1871,-3134,1875,-3064
1883,1839,-3200,1879,-3104
1884,1899,-3148,1856,-3139
1885,1890,-3191,1892,-3141
1886,2069,-3160,1861,-3127
1887,1945,-3043,1893,-3031
1888,1997,-3038,1923,-3041
1889,1932,-3074,1927,-3026
1890,1951,-3103,1925,-3050
1891,1946,-3148,1944,-3078
1892,1953,-3120,1905,-3117
1893,1905,-3213,1911,-3103
1894,1915,-3212,1937,-3133
1895,1945,-3219,1962,-3138
1896,2054,-3273,1983,-3141
1897,2044,-3232,1722,-3171
1898,2063,-3070,2008,-3066
1899,2060,-3086,2006,-3085
1900,2064,-3105,1974,-3098
1901,2109,-3097,1997,-3105
1902,2038,-3163,2040,-3082
1903,2046,-3125,1972,-3117
1904,2055,-3109,2061,-3007
1905,2094,-3112,2114,-3022
1906,2101,-3151,2098,-3066
1907,2181,-3121,2048,-3163
1908,2081,-3206,2058,-3153
1909,2223,-3149,1978,-3237
1910,2101,-3201,2152,-3126
1911,2113,-3229,2100,-3182
1912,2126,-3228,2135,-3174
1913,2252,-3212,1982,-3229
1914,2192,-3191,2348,-2900
1915,2171,-3271,2215,-3135